[{"model": "admin.logentry", "pk": 1, "fields": {"action_time": "2025-08-25T22:15:16.231Z", "user": 1, "content_type": 9, "object_id": "1", "object_repr": "Squoogle", "action_flag": 1, "change_message": "[{\"added\": {}}]"}}, {"model": "admin.logentry", "pk": 2, "fields": {"action_time": "2025-08-25T22:15:30.600Z", "user": 1, "content_type": 9, "object_id": "2", "object_repr": "Blonker", "action_flag": 1, "change_message": "[{\"added\": {}}]"}}, {"model": "admin.logentry", "pk": 3, "fields": {"action_time": "2025-08-25T22:16:34.227Z", "user": 1, "content_type": 9, "object_id": "3", "object_repr": "Ultima", "action_flag": 1, "change_message": "[{\"added\": {}}]"}}, {"model": "admin.logentry", "pk": 4, "fields": {"action_time": "2025-08-25T22:16:45.903Z", "user": 1, "content_type": 9, "object_id": "1", "object_repr": "Squoogle", "action_flag": 2, "change_message": "[{\"changed\": {\"fields\": [\"Desc\"]}}]"}}, {"model": "admin.logentry", "pk": 5, "fields": {"action_time": "2025-08-25T22:16:49.451Z", "user": 1, "content_type": 9, "object_id": "1", "object_repr": "Squoogle", "action_flag": 2, "change_message": "[]"}}, {"model": "admin.logentry", "pk": 6, "fields": {"action_time": "2025-08-25T22:16:56.627Z", "user": 1, "content_type": 9, "object_id": "2", "object_repr": "Blonker", "action_flag": 2, "change_message": "[{\"changed\": {\"fields\": [\"Desc\"]}}]"}}, {"model": "admin.logentry", "pk": 7, "fields": {"action_time": "2025-08-25T22:17:24.957Z", "user": 1, "content_type": 8, "object_id": "1", "object_repr": "washitsu", "action_flag": 1, "change_message": "[{\"added\": {}}]"}}, {"model": "admin.logentry", "pk": 8, "fields": {"action_time": "2025-08-25T22:18:36.535Z", "user": 1, "content_type": 8, "object_id": "2", "object_repr": "Room3", "action_flag": 1, "change_message": "[{\"added\": {}}]"}}, {"model": "admin.logentry", "pk": 9, "fields": {"action_time": "2025-08-25T22:18:46.053Z", "user": 1, "content_type": 8, "object_id": "3", "object_repr": "Room2", "action_flag": 1, "change_message": "[{\"added\": {}}]"}}, {"model": "admin.logentry", "pk": 10, "fields": {"action_time": "2025-09-08T20:05:04.293Z", "user": 1, "content_type": 24, "object_id": "1", "object_repr": "Agato - 1000 credits", "action_flag": 1, "change_message": "[{\"added\": {}}]"}}, {"model": "admin.logentry", "pk": 11, "fields": {"action_time": "2025-09-08T20:06:12.435Z", "user": 1, "content_type": 23, "object_id": "1", "object_repr": "Agato's Task List", "action_flag": 1, "change_message": "[{\"added\": {}}]"}}, {"model": "admin.logentry", "pk": 12, "fields": {"action_time": "2025-09-08T20:06:27.432Z", "user": 1, "content_type": 15, "object_id": "1", "object_repr": "Agato's Closet", "action_flag": 1, "change_message": "[{\"added\": {}}]"}}, {"model": "admin.logentry", "pk": 13, "fields": {"action_time": "2025-09-08T23:33:54.768Z", "user": 1, "content_type": 12, "object_id": "1", "object_repr": "Potion (x1)", "action_flag": 1, "change_message": "[{\"added\": {}}]"}}, {"model": "admin.logentry", "pk": 14, "fields": {"action_time": "2025-09-08T23:34:24.687Z", "user": 1, "content_type": 12, "object_id": "2", "object_repr": "Weird Toy (x1)", "action_flag": 1, "change_message": "[{\"added\": {}}]"}}, {"model": "admin.logentry", "pk": 15, "fields": {"action_time": "2025-09-08T23:35:14.434Z", "user": 1, "content_type": 12, "object_id": "3", "object_repr": "Sake (x1)", "action_flag": 1, "change_message": "[{\"added\": {}}]"}}, {"model": "admin.logentry", "pk": 16, "fields": {"action_time": "2025-09-08T23:38:57.240Z", "user": 1, "content_type": 13, "object_id": "1", "object_repr": "Straw Hat (normal)", "action_flag": 1, "change_message": "[{\"added\": {}}]"}}, {"model": "admin.logentry", "pk": 17, "fields": {"action_time": "2025-09-08T23:39:06.896Z", "user": 1, "content_type": 13, "object_id": "2", "object_repr": "Blue Bow (normal)", "action_flag": 1, "change_message": "[{\"added\": {}}]"}}, {"model": "admin.logentry", "pk": 18, "fields": {"action_time": "2025-09-08T23:39:25.316Z", "user": 1, "content_type": 13, "object_id": "3", "object_repr": "Wizard Hat (normal)", "action_flag": 1, "change_message": "[{\"added\": {}}]"}}, {"model": "admin.logentry", "pk": 19, "fields": {"action_time": "2025-09-08T23:40:15.609Z", "user": 1, "content_type": 21, "object_id": "1", "object_repr": "Straw Hat - 100 credits", "action_flag": 1, "change_message": "[{\"added\": {}}]"}}, {"model": "admin.logentry", "pk": 20, "fields": {"action_time": "2025-09-08T23:40:26.668Z", "user": 1, "content_type": 21, "object_id": "2", "object_repr": "Blue Bow - 100 credits", "action_flag": 1, "change_message": "[{\"added\": {}}]"}}, {"model": "admin.logentry", "pk": 21, "fields": {"action_time": "2025-09-08T23:40:42.668Z", "user": 1, "content_type": 21, "object_id": "3", "object_repr": "Wizard Haat - 100 credits", "action_flag": 1, "change_message": "[{\"added\": {}}]"}}, {"model": "admin.logentry", "pk": 22, "fields": {"action_time": "2025-09-08T23:40:56.200Z", "user": 1, "content_type": 21, "object_id": "4", "object_repr": "Potion - 50 credits", "action_flag": 1, "change_message": "[{\"added\": {}}]"}}, {"model": "admin.logentry", "pk": 23, "fields": {"action_time": "2025-09-08T23:41:04.449Z", "user": 1, "content_type": 21, "object_id": "5", "object_repr": "Weird Toy - 20 credits", "action_flag": 1, "change_message": "[{\"added\": {}}]"}}, {"model": "admin.logentry", "pk": 24, "fields": {"action_time": "2025-09-08T23:41:14.920Z", "user": 1, "content_type": 21, "object_id": "6", "object_repr": "Sake - 150 credits", "action_flag": 1, "change_message": "[{\"added\": {}}]"}}, {"model": "admin.logentry", "pk": 25, "fields": {"action_time": "2025-09-09T11:11:58.587Z", "user": 1, "content_type": 26, "object_id": "1", "object_repr": "[Default] GET OUT OF BED", "action_flag": 1, "change_message": "[{\"added\": {}}]"}}, {"model": "admin.logentry", "pk": 26, "fields": {"action_time": "2025-09-09T11:12:07.096Z", "user": 1, "content_type": 26, "object_id": "2", "object_repr": "[Default] DO LAUNDRY", "action_flag": 1, "change_message": "[{\"added\": {}}]"}}, {"model": "admin.logentry", "pk": 27, "fields": {"action_time": "2025-09-09T11:12:36.622Z", "user": 1, "content_type": 26, "object_id": "3", "object_repr": "[Default] MAKE LUNCH", "action_flag": 1, "change_message": "[{\"added\": {}}]"}}, {"model": "admin.logentry", "pk": 28, "fields": {"action_time": "2025-09-09T11:12:45.398Z", "user": 1, "content_type": 26, "object_id": "4", "object_repr": "[Default] TAKE A SHOWER", "action_flag": 1, "change_message": "[{\"added\": {}}]"}}, {"model": "admin.logentry", "pk": 29, "fields": {"action_time": "2025-09-09T11:12:53.678Z", "user": 1, "content_type": 26, "object_id": "5", "object_repr": "[Default] DO DISHES", "action_flag": 1, "change_message": "[{\"added\": {}}]"}}, {"model": "admin.logentry", "pk": 30, "fields": {"action_time": "2025-09-09T11:52:41.831Z", "user": 1, "content_type": 11, "object_id": "1", "object_repr": "Nunsk Village", "action_flag": 1, "change_message": "[{\"added\": {}}]"}}, {"model": "admin.logentry", "pk": 31, "fields": {"action_time": "2025-09-09T11:53:04.033Z", "user": 1, "content_type": 11, "object_id": "2", "object_repr": "Elysian Fields", "action_flag": 1, "change_message": "[{\"added\": {}}]"}}, {"model": "admin.logentry", "pk": 32, "fields": {"action_time": "2025-09-09T11:53:34.269Z", "user": 1, "content_type": 11, "object_id": "3", "object_repr": "Grand Baazar", "action_flag": 1, "change_message": "[{\"added\": {}}]"}}, {"model": "admin.logentry", "pk": 33, "fields": {"action_time": "2025-09-09T12:50:23.654Z", "user": 1, "content_type": 10, "object_id": "1", "object_repr": "Boton - (Squoogle)", "action_flag": 2, "change_message": "[{\"changed\": {\"fields\": [\"Exp\"]}}]"}}, {"model": "admin.logentry", "pk": 34, "fields": {"action_time": "2025-09-09T12:51:40.031Z", "user": 1, "content_type": 15, "object_id": "1", "object_repr": "Agato's Closet", "action_flag": 2, "change_message": "[{\"deleted\": {\"name\": \"closet item\", \"object\": \"Straw Hat (normal) in Agato's Closet\"}}, {\"deleted\": {\"name\": \"closet item\", \"object\": \"Straw Hat (normal) in Agato's Closet\"}}]"}}, {"model": "admin.logentry", "pk": 35, "fields": {"action_time": "2025-09-09T13:04:13.498Z", "user": 1, "content_type": 19, "object_id": "1", "object_repr": "Agato's Inventory", "action_flag": 2, "change_message": "[{\"deleted\": {\"name\": \"inventory item\", \"object\": \"Potion (x1)\"}}]"}}, {"model": "admin.logentry", "pk": 36, "fields": {"action_time": "2025-09-09T14:00:52.527Z", "user": 1, "content_type": 10, "object_id": "2", "object_repr": "Ultima - (Ultima)", "action_flag": 3, "change_message": ""}}, {"model": "admin.logentry", "pk": 37, "fields": {"action_time": "2025-09-09T14:53:07.946Z", "user": 1, "content_type": 12, "object_id": "3", "object_repr": "Medicine (x1)", "action_flag": 2, "change_message": "[{\"changed\": {\"fields\": [\"Name\", \"Effect\", \"Icon\"]}}]"}}, {"model": "admin.logentry", "pk": 38, "fields": {"action_time": "2025-09-09T14:53:21.866Z", "user": 1, "content_type": 12, "object_id": "2", "object_repr": "Pancakes (x1)", "action_flag": 2, "change_message": "[{\"changed\": {\"fields\": [\"Name\", \"Effect\", \"Icon\"]}}]"}}, {"model": "admin.logentry", "pk": 39, "fields": {"action_time": "2025-09-09T14:53:37.035Z", "user": 1, "content_type": 12, "object_id": "1", "object_repr": "Pizza (x1)", "action_flag": 2, "change_message": "[{\"changed\": {\"fields\": [\"Name\", \"Icon\"]}}]"}}, {"model": "admin.logentry", "pk": 40, "fields": {"action_time": "2025-09-09T14:54:04.006Z", "user": 1, "content_type": 12, "object_id": "4", "object_repr": "Fortune Cookie (x1)", "action_flag": 1, "change_message": "[{\"added\": {}}]"}}, {"model": "admin.logentry", "pk": 41, "fields": {"action_time": "2025-09-09T14:54:11.786Z", "user": 1, "content_type": 13, "object_id": "3", "object_repr": "Wizard Hat (normal)", "action_flag": 2, "change_message": "[{\"changed\": {\"fields\": [\"Icon\"]}}]"}}, {"model": "admin.logentry", "pk": 42, "fields": {"action_time": "2025-09-09T14:54:21.781Z", "user": 1, "content_type": 13, "object_id": "2", "object_repr": "Red Bow (normal)", "action_flag": 2, "change_message": "[{\"changed\": {\"fields\": [\"Name\", \"Icon\"]}}]"}}, {"model": "admin.logentry", "pk": 43, "fields": {"action_time": "2025-09-09T14:54:33.916Z", "user": 1, "content_type": 13, "object_id": "1", "object_repr": "Santa Hat (normal)", "action_flag": 2, "change_message": "[{\"changed\": {\"fields\": [\"Name\", \"Icon\"]}}]"}}, {"model": "auth.permission", "pk": 1, "fields": {"name": "Can add log entry", "content_type": 1, "codename": "add_logentry"}}, {"model": "auth.permission", "pk": 2, "fields": {"name": "Can change log entry", "content_type": 1, "codename": "change_logentry"}}, {"model": "auth.permission", "pk": 3, "fields": {"name": "Can delete log entry", "content_type": 1, "codename": "delete_logentry"}}, {"model": "auth.permission", "pk": 4, "fields": {"name": "Can view log entry", "content_type": 1, "codename": "view_logentry"}}, {"model": "auth.permission", "pk": 5, "fields": {"name": "Can add permission", "content_type": 2, "codename": "add_permission"}}, {"model": "auth.permission", "pk": 6, "fields": {"name": "Can change permission", "content_type": 2, "codename": "change_permission"}}, {"model": "auth.permission", "pk": 7, "fields": {"name": "Can delete permission", "content_type": 2, "codename": "delete_permission"}}, {"model": "auth.permission", "pk": 8, "fields": {"name": "Can view permission", "content_type": 2, "codename": "view_permission"}}, {"model": "auth.permission", "pk": 9, "fields": {"name": "Can add group", "content_type": 3, "codename": "add_group"}}, {"model": "auth.permission", "pk": 10, "fields": {"name": "Can change group", "content_type": 3, "codename": "change_group"}}, {"model": "auth.permission", "pk": 11, "fields": {"name": "Can delete group", "content_type": 3, "codename": "delete_group"}}, {"model": "auth.permission", "pk": 12, "fields": {"name": "Can view group", "content_type": 3, "codename": "view_group"}}, {"model": "auth.permission", "pk": 13, "fields": {"name": "Can add content type", "content_type": 4, "codename": "add_contenttype"}}, {"model": "auth.permission", "pk": 14, "fields": {"name": "Can change content type", "content_type": 4, "codename": "change_contenttype"}}, {"model": "auth.permission", "pk": 15, "fields": {"name": "Can delete content type", "content_type": 4, "codename": "delete_contenttype"}}, {"model": "auth.permission", "pk": 16, "fields": {"name": "Can view content type", "content_type": 4, "codename": "view_contenttype"}}, {"model": "auth.permission", "pk": 17, "fields": {"name": "Can add session", "content_type": 5, "codename": "add_session"}}, {"model": "auth.permission", "pk": 18, "fields": {"name": "Can change session", "content_type": 5, "codename": "change_session"}}, {"model": "auth.permission", "pk": 19, "fields": {"name": "Can delete session", "content_type": 5, "codename": "delete_session"}}, {"model": "auth.permission", "pk": 20, "fields": {"name": "Can view session", "content_type": 5, "codename": "view_session"}}, {"model": "auth.permission", "pk": 21, "fields": {"name": "Can add user", "content_type": 6, "codename": "add_mdquser"}}, {"model": "auth.permission", "pk": 22, "fields": {"name": "Can change user", "content_type": 6, "codename": "change_mdquser"}}, {"model": "auth.permission", "pk": 23, "fields": {"name": "Can delete user", "content_type": 6, "codename": "delete_mdquser"}}, {"model": "auth.permission", "pk": 24, "fields": {"name": "Can view user", "content_type": 6, "codename": "view_mdquser"}}, {"model": "auth.permission", "pk": 25, "fields": {"name": "Can add profile", "content_type": 7, "codename": "add_profile"}}, {"model": "auth.permission", "pk": 26, "fields": {"name": "Can change profile", "content_type": 7, "codename": "change_profile"}}, {"model": "auth.permission", "pk": 27, "fields": {"name": "Can delete profile", "content_type": 7, "codename": "delete_profile"}}, {"model": "auth.permission", "pk": 28, "fields": {"name": "Can view profile", "content_type": 7, "codename": "view_profile"}}, {"model": "auth.permission", "pk": 29, "fields": {"name": "Can add pet background", "content_type": 8, "codename": "add_petbackground"}}, {"model": "auth.permission", "pk": 30, "fields": {"name": "Can change pet background", "content_type": 8, "codename": "change_petbackground"}}, {"model": "auth.permission", "pk": 31, "fields": {"name": "Can delete pet background", "content_type": 8, "codename": "delete_petbackground"}}, {"model": "auth.permission", "pk": 32, "fields": {"name": "Can view pet background", "content_type": 8, "codename": "view_petbackground"}}, {"model": "auth.permission", "pk": 33, "fields": {"name": "Can add pet type", "content_type": 9, "codename": "add_pettype"}}, {"model": "auth.permission", "pk": 34, "fields": {"name": "Can change pet type", "content_type": 9, "codename": "change_pettype"}}, {"model": "auth.permission", "pk": 35, "fields": {"name": "Can delete pet type", "content_type": 9, "codename": "delete_pettype"}}, {"model": "auth.permission", "pk": 36, "fields": {"name": "Can view pet type", "content_type": 9, "codename": "view_pettype"}}, {"model": "auth.permission", "pk": 37, "fields": {"name": "Can add pet", "content_type": 10, "codename": "add_pet"}}, {"model": "auth.permission", "pk": 38, "fields": {"name": "Can change pet", "content_type": 10, "codename": "change_pet"}}, {"model": "auth.permission", "pk": 39, "fields": {"name": "Can delete pet", "content_type": 10, "codename": "delete_pet"}}, {"model": "auth.permission", "pk": 40, "fields": {"name": "Can view pet", "content_type": 10, "codename": "view_pet"}}, {"model": "auth.permission", "pk": 41, "fields": {"name": "Can add adventure location", "content_type": 11, "codename": "add_adventurelocation"}}, {"model": "auth.permission", "pk": 42, "fields": {"name": "Can change adventure location", "content_type": 11, "codename": "change_adventurelocation"}}, {"model": "auth.permission", "pk": 43, "fields": {"name": "Can delete adventure location", "content_type": 11, "codename": "delete_adventurelocation"}}, {"model": "auth.permission", "pk": 44, "fields": {"name": "Can view adventure location", "content_type": 11, "codename": "view_adventurelocation"}}, {"model": "auth.permission", "pk": 45, "fields": {"name": "Can add consumable", "content_type": 12, "codename": "add_consumable"}}, {"model": "auth.permission", "pk": 46, "fields": {"name": "Can change consumable", "content_type": 12, "codename": "change_consumable"}}, {"model": "auth.permission", "pk": 47, "fields": {"name": "Can delete consumable", "content_type": 12, "codename": "delete_consumable"}}, {"model": "auth.permission", "pk": 48, "fields": {"name": "Can view consumable", "content_type": 12, "codename": "view_consumable"}}, {"model": "auth.permission", "pk": 49, "fields": {"name": "Can add cosmetic", "content_type": 13, "codename": "add_cosmetic"}}, {"model": "auth.permission", "pk": 50, "fields": {"name": "Can change cosmetic", "content_type": 13, "codename": "change_cosmetic"}}, {"model": "auth.permission", "pk": 51, "fields": {"name": "Can delete cosmetic", "content_type": 13, "codename": "delete_cosmetic"}}, {"model": "auth.permission", "pk": 52, "fields": {"name": "Can view cosmetic", "content_type": 13, "codename": "view_cosmetic"}}, {"model": "auth.permission", "pk": 53, "fields": {"name": "Can add tasks", "content_type": 14, "codename": "add_tasks"}}, {"model": "auth.permission", "pk": 54, "fields": {"name": "Can change tasks", "content_type": 14, "codename": "change_tasks"}}, {"model": "auth.permission", "pk": 55, "fields": {"name": "Can delete tasks", "content_type": 14, "codename": "delete_tasks"}}, {"model": "auth.permission", "pk": 56, "fields": {"name": "Can view tasks", "content_type": 14, "codename": "view_tasks"}}, {"model": "auth.permission", "pk": 57, "fields": {"name": "Can add closet", "content_type": 15, "codename": "add_closet"}}, {"model": "auth.permission", "pk": 58, "fields": {"name": "Can change closet", "content_type": 15, "codename": "change_closet"}}, {"model": "auth.permission", "pk": 59, "fields": {"name": "Can delete closet", "content_type": 15, "codename": "delete_closet"}}, {"model": "auth.permission", "pk": 60, "fields": {"name": "Can view closet", "content_type": 15, "codename": "view_closet"}}, {"model": "auth.permission", "pk": 61, "fields": {"name": "Can add closet item", "content_type": 16, "codename": "add_closetitem"}}, {"model": "auth.permission", "pk": 62, "fields": {"name": "Can change closet item", "content_type": 16, "codename": "change_closetitem"}}, {"model": "auth.permission", "pk": 63, "fields": {"name": "Can delete closet item", "content_type": 16, "codename": "delete_closetitem"}}, {"model": "auth.permission", "pk": 64, "fields": {"name": "Can view closet item", "content_type": 16, "codename": "view_closetitem"}}, {"model": "auth.permission", "pk": 65, "fields": {"name": "Can add current adventure", "content_type": 17, "codename": "add_currentadventure"}}, {"model": "auth.permission", "pk": 66, "fields": {"name": "Can change current adventure", "content_type": 17, "codename": "change_currentadventure"}}, {"model": "auth.permission", "pk": 67, "fields": {"name": "Can delete current adventure", "content_type": 17, "codename": "delete_currentadventure"}}, {"model": "auth.permission", "pk": 68, "fields": {"name": "Can view current adventure", "content_type": 17, "codename": "view_currentadventure"}}, {"model": "auth.permission", "pk": 69, "fields": {"name": "Can add custom tasks", "content_type": 18, "codename": "add_customtasks"}}, {"model": "auth.permission", "pk": 70, "fields": {"name": "Can change custom tasks", "content_type": 18, "codename": "change_customtasks"}}, {"model": "auth.permission", "pk": 71, "fields": {"name": "Can delete custom tasks", "content_type": 18, "codename": "delete_customtasks"}}, {"model": "auth.permission", "pk": 72, "fields": {"name": "Can view custom tasks", "content_type": 18, "codename": "view_customtasks"}}, {"model": "auth.permission", "pk": 73, "fields": {"name": "Can add inventory", "content_type": 19, "codename": "add_inventory"}}, {"model": "auth.permission", "pk": 74, "fields": {"name": "Can change inventory", "content_type": 19, "codename": "change_inventory"}}, {"model": "auth.permission", "pk": 75, "fields": {"name": "Can delete inventory", "content_type": 19, "codename": "delete_inventory"}}, {"model": "auth.permission", "pk": 76, "fields": {"name": "Can view inventory", "content_type": 19, "codename": "view_inventory"}}, {"model": "auth.permission", "pk": 77, "fields": {"name": "Can add inventory item", "content_type": 20, "codename": "add_inventoryitem"}}, {"model": "auth.permission", "pk": 78, "fields": {"name": "Can change inventory item", "content_type": 20, "codename": "change_inventoryitem"}}, {"model": "auth.permission", "pk": 79, "fields": {"name": "Can delete inventory item", "content_type": 20, "codename": "delete_inventoryitem"}}, {"model": "auth.permission", "pk": 80, "fields": {"name": "Can view inventory item", "content_type": 20, "codename": "view_inventoryitem"}}, {"model": "auth.permission", "pk": 81, "fields": {"name": "Can add shop item", "content_type": 21, "codename": "add_shopitem"}}, {"model": "auth.permission", "pk": 82, "fields": {"name": "Can change shop item", "content_type": 21, "codename": "change_shopitem"}}, {"model": "auth.permission", "pk": 83, "fields": {"name": "Can delete shop item", "content_type": 21, "codename": "delete_shopitem"}}, {"model": "auth.permission", "pk": 84, "fields": {"name": "Can view shop item", "content_type": 21, "codename": "view_shopitem"}}, {"model": "auth.permission", "pk": 85, "fields": {"name": "Can add credit purchase", "content_type": 22, "codename": "add_creditpurchase"}}, {"model": "auth.permission", "pk": 86, "fields": {"name": "Can change credit purchase", "content_type": 22, "codename": "change_creditpurchase"}}, {"model": "auth.permission", "pk": 87, "fields": {"name": "Can delete credit purchase", "content_type": 22, "codename": "delete_creditpurchase"}}, {"model": "auth.permission", "pk": 88, "fields": {"name": "Can view credit purchase", "content_type": 22, "codename": "view_creditpurchase"}}, {"model": "auth.permission", "pk": 89, "fields": {"name": "Can add tasks list", "content_type": 23, "codename": "add_taskslist"}}, {"model": "auth.permission", "pk": 90, "fields": {"name": "Can change tasks list", "content_type": 23, "codename": "change_taskslist"}}, {"model": "auth.permission", "pk": 91, "fields": {"name": "Can delete tasks list", "content_type": 23, "codename": "delete_taskslist"}}, {"model": "auth.permission", "pk": 92, "fields": {"name": "Can view tasks list", "content_type": 23, "codename": "view_taskslist"}}, {"model": "auth.permission", "pk": 93, "fields": {"name": "Can add wallet", "content_type": 24, "codename": "add_wallet"}}, {"model": "auth.permission", "pk": 94, "fields": {"name": "Can change wallet", "content_type": 24, "codename": "change_wallet"}}, {"model": "auth.permission", "pk": 95, "fields": {"name": "Can delete wallet", "content_type": 24, "codename": "delete_wallet"}}, {"model": "auth.permission", "pk": 96, "fields": {"name": "Can view wallet", "content_type": 24, "codename": "view_wallet"}}, {"model": "auth.permission", "pk": 97, "fields": {"name": "Can add payment transaction", "content_type": 25, "codename": "add_paymenttransaction"}}, {"model": "auth.permission", "pk": 98, "fields": {"name": "Can change payment transaction", "content_type": 25, "codename": "change_paymenttransaction"}}, {"model": "auth.permission", "pk": 99, "fields": {"name": "Can delete payment transaction", "content_type": 25, "codename": "delete_paymenttransaction"}}, {"model": "auth.permission", "pk": 100, "fields": {"name": "Can view payment transaction", "content_type": 25, "codename": "view_paymenttransaction"}}, {"model": "auth.permission", "pk": 101, "fields": {"name": "Can add task", "content_type": 26, "codename": "add_task"}}, {"model": "auth.permission", "pk": 102, "fields": {"name": "Can change task", "content_type": 26, "codename": "change_task"}}, {"model": "auth.permission", "pk": 103, "fields": {"name": "Can delete task", "content_type": 26, "codename": "delete_task"}}, {"model": "auth.permission", "pk": 104, "fields": {"name": "Can view task", "content_type": 26, "codename": "view_task"}}, {"model": "contenttypes.contenttype", "pk": 1, "fields": {"app_label": "admin", "model": "logentry"}}, {"model": "contenttypes.contenttype", "pk": 2, "fields": {"app_label": "auth", "model": "permission"}}, {"model": "contenttypes.contenttype", "pk": 3, "fields": {"app_label": "auth", "model": "group"}}, {"model": "contenttypes.contenttype", "pk": 4, "fields": {"app_label": "contenttypes", "model": "contenttype"}}, {"model": "contenttypes.contenttype", "pk": 5, "fields": {"app_label": "sessions", "model": "session"}}, {"model": "contenttypes.contenttype", "pk": 6, "fields": {"app_label": "mdq", "model": "mdquser"}}, {"model": "contenttypes.contenttype", "pk": 7, "fields": {"app_label": "mdq", "model": "profile"}}, {"model": "contenttypes.contenttype", "pk": 8, "fields": {"app_label": "mdq", "model": "petbackground"}}, {"model": "contenttypes.contenttype", "pk": 9, "fields": {"app_label": "mdq", "model": "pettype"}}, {"model": "contenttypes.contenttype", "pk": 10, "fields": {"app_label": "mdq", "model": "pet"}}, {"model": "contenttypes.contenttype", "pk": 11, "fields": {"app_label": "mdq", "model": "adventurelocation"}}, {"model": "contenttypes.contenttype", "pk": 12, "fields": {"app_label": "mdq", "model": "consumable"}}, {"model": "contenttypes.contenttype", "pk": 13, "fields": {"app_label": "mdq", "model": "cosmetic"}}, {"model": "contenttypes.contenttype", "pk": 14, "fields": {"app_label": "mdq", "model": "tasks"}}, {"model": "contenttypes.contenttype", "pk": 15, "fields": {"app_label": "mdq", "model": "closet"}}, {"model": "contenttypes.contenttype", "pk": 16, "fields": {"app_label": "mdq", "model": "closetitem"}}, {"model": "contenttypes.contenttype", "pk": 17, "fields": {"app_label": "mdq", "model": "currentadventure"}}, {"model": "contenttypes.contenttype", "pk": 18, "fields": {"app_label": "mdq", "model": "customtasks"}}, {"model": "contenttypes.contenttype", "pk": 19, "fields": {"app_label": "mdq", "model": "inventory"}}, {"model": "contenttypes.contenttype", "pk": 20, "fields": {"app_label": "mdq", "model": "inventoryitem"}}, {"model": "contenttypes.contenttype", "pk": 21, "fields": {"app_label": "mdq", "model": "shopitem"}}, {"model": "contenttypes.contenttype", "pk": 22, "fields": {"app_label": "mdq", "model": "creditpurchase"}}, {"model": "contenttypes.contenttype", "pk": 23, "fields": {"app_label": "mdq", "model": "taskslist"}}, {"model": "contenttypes.contenttype", "pk": 24, "fields": {"app_label": "mdq", "model": "wallet"}}, {"model": "contenttypes.contenttype", "pk": 25, "fields": {"app_label": "mdq", "model": "paymenttransaction"}}, {"model": "contenttypes.contenttype", "pk": 26, "fields": {"app_label": "mdq", "model": "task"}}, {"model": "sessions.session", "pk": "5weql4b5b7yyeslngsmne025eqd0e66j", "fields": {"session_data": ".eJxVjEEOwiAQAP_C2RCgZAGP3n0D2WVBqoYmpT0Z_64kPeh1ZjIvEXHfatx7XuPM4iyMOP0ywvTIbQi-Y7stMi1tW2eSI5GH7fK6cH5ejvZvULHXsdWBSwFyNihriSfOKqCjAqiQKHhmTs4ZjRA8atAFv7Wx4ANpMJN4fwD8nTg3:1uycpc:g9jel-irtKHy-j2T3KQxrpOanj9TV-I5zDEENLoK9Qc", "expire_date": "2025-09-30T21:03:20.942Z"}}, {"model": "sessions.session", "pk": "dnzc0vbcmcxwj0jjzqs753kx8gwyjze9", "fields": {"session_data": ".eJxVjEEOwiAQAP_C2RCgZAGP3n0D2WVBqoYmpT0Z_64kPeh1ZjIvEXHfatx7XuPM4iyMOP0ywvTIbQi-Y7stMi1tW2eSI5GH7fK6cH5ejvZvULHXsdWBSwFyNihriSfOKqCjAqiQKHhmTs4ZjRA8atAFv7Wx4ANpMJN4fwD8nTg3:1v0uRM:YqFfXMD6uR6n9wQysZ1pLVim7wIFVWUtJZ8QJB7wA5Y", "expire_date": "2025-10-07T04:15:44.503Z"}}, {"model": "sessions.session", "pk": "xptco5aszsdh0726xdbbcdfka6htji6k", "fields": {"session_data": ".eJxVjEEOwiAQAP_C2RCgZAGP3n0D2WVBqoYmpT0Z_64kPeh1ZjIvEXHfatx7XuPM4iyMOP0ywvTIbQi-Y7stMi1tW2eSI5GH7fK6cH5ejvZvULHXsdWBSwFyNihriSfOKqCjAqiQKHhmTs4ZjRA8atAFv7Wx4ANpMJN4fwD8nTg3:1uvzjx:oZ0nmlN5VmduT7ZcBiXZRypJ5LNJhWmcHuRcPKe8p-Y", "expire_date": "2025-09-23T14:54:37.565Z"}}, {"model": "mdq.mdquser", "pk": 1, "fields": {"password": "pbkdf2_sha256$870000$ghmzNjyBoybZKcRo0oucby$/ZS+SyKHfvKg+tXWvFJsvgvrbdovxiu7Unv1FHYDkeo=", "last_login": "2025-09-09T14:51:42.485Z", "is_superuser": true, "username": "rena", "first_name": "", "last_name": "", "email": "rena@rena.com", "is_staff": true, "is_active": true, "date_joined": "2025-08-25T21:29:05.303Z", "groups": [], "user_permissions": []}}, {"model": "mdq.mdquser", "pk": 2, "fields": {"password": "pbkdf2_sha256$870000$DSISgcPRFSn4G7RNxOc9LQ$5HRVckMWjna5FinmStipx2OJo31ZQUyUmbrQPSWbk+w=", "last_login": "2025-09-23T04:15:44.500Z", "is_superuser": false, "username": "Agato", "first_name": "", "last_name": "", "email": "akaga@akagamail.com", "is_staff": false, "is_active": true, "date_joined": "2025-08-25T21:37:16.421Z", "groups": [], "user_permissions": []}}, {"model": "mdq.mdquser", "pk": 3, "fields": {"password": "pbkdf2_sha256$870000$PpjHDF4j2NiJaQmQ5whMbO$sYlURtHII50zg06c6Bh8pFHLfWzP/mQdTg/oETmUSLo=", "last_login": "2025-09-09T14:00:56.384Z", "is_superuser": false, "username": "test13", "first_name": "", "last_name": "", "email": "test134@mail.com", "is_staff": false, "is_active": true, "date_joined": "2025-09-09T13:56:27.563Z", "groups": [], "user_permissions": []}}, {"model": "mdq.mdquser", "pk": 4, "fields": {"password": "pbkdf2_sha256$870000$6EzkhUDfgXn7aEQmnKHx5L$U96c9gUq/sUuSP5sjrfQbN2OOtLxcBtuCwZnJQbVyAc=", "last_login": "2025-09-09T14:51:14.383Z", "is_superuser": false, "username": "user1", "first_name": "", "last_name": "", "email": "user@mail.com", "is_staff": false, "is_active": true, "date_joined": "2025-09-09T14:51:10.020Z", "groups": [], "user_permissions": []}}, {"model": "mdq.profile", "pk": 1, "fields": {"user": 2, "avatar": "", "birth": null, "birthday": "2025-08-25T21:37:16.748Z"}}, {"model": "mdq.profile", "pk": 2, "fields": {"user": 3, "avatar": "", "birth": null, "birthday": "2025-09-09T13:56:27.885Z"}}, {"model": "mdq.profile", "pk": 3, "fields": {"user": 4, "avatar": "", "birth": null, "birthday": "2025-09-09T14:51:10.352Z"}}, {"model": "mdq.pettype", "pk": 1, "fields": {"species": "Squoogle", "desc": "This little ghost likes to take it slow and is sure to sniff out coin!", "pet_avatar": "pets/cat_stare_orange_n4Zlq4Q.gif"}}, {"model": "mdq.pettype", "pk": 2, "fields": {"species": "Blonker", "desc": "A fast hunter always ready for the next meal!", "pet_avatar": "pets/cat_stare_ezrzPIT.gif"}}, {"model": "mdq.pettype", "pk": 3, "fields": {"species": "Ultima", "desc": "Android cat with a mischievous personality, great at finding treasures!", "pet_avatar": "pets/Ultima_tOnuagn.png"}}, {"model": "mdq.petbackground", "pk": 1, "fields": {"name": "washitsu", "image": "pet_backgrounds/room_washitsu.png", "description": "description"}}, {"model": "mdq.petbackground", "pk": 2, "fields": {"name": "Room3", "image": "pet_backgrounds/room3_ev3Llhw.png", "description": "test"}}, {"model": "mdq.petbackground", "pk": 3, "fields": {"name": "Room2", "image": "pet_backgrounds/washitu2_3xQEhNc.png", "description": "Test"}}, {"model": "mdq.pet", "pk": 1, "fields": {"user": 2, "species": 1, "background": 1, "name": "Boton", "exp": 665.0, "hp": 20, "stamina": 40, "bond": 20.0, "mood": 50, "birthday": "2025-08-26T07:33:52.990Z", "last_fed": null}}, {"model": "mdq.pet", "pk": 3, "fields": {"user": 3, "species": 3, "background": 1, "name": "Ultima", "exp": 15.0, "hp": 20, "stamina": 40, "bond": 0.0, "mood": 50, "birthday": "2025-09-09T14:01:04.692Z", "last_fed": null}}, {"model": "mdq.pet", "pk": 4, "fields": {"user": 4, "species": 1, "background": 1, "name": "Pet", "exp": 5.0, "hp": 20, "stamina": 40, "bond": 0.0, "mood": 50, "birthday": "2025-09-09T14:51:19.371Z", "last_fed": null}}, {"model": "mdq.wallet", "pk": 1, "fields": {"user": 2, "credits": 3380, "pcredits": 100}}, {"model": "mdq.wallet", "pk": 2, "fields": {"user": 3, "credits": 1150, "pcredits": 100}}, {"model": "mdq.wallet", "pk": 3, "fields": {"user": 4, "credits": 1100, "pcredits": 100}}, {"model": "mdq.task", "pk": 1, "fields": {"user": null, "name": "GET OUT OF BED", "icon": "🛏️", "custom": false}}, {"model": "mdq.task", "pk": 2, "fields": {"user": null, "name": "DO LAUNDRY", "icon": "👕", "custom": false}}, {"model": "mdq.task", "pk": 3, "fields": {"user": null, "name": "MAKE LUNCH", "icon": "🍝", "custom": false}}, {"model": "mdq.task", "pk": 4, "fields": {"user": null, "name": "TAKE A SHOWER", "icon": "🛁", "custom": false}}, {"model": "mdq.task", "pk": 5, "fields": {"user": null, "name": "DO DISHES", "icon": "🍴", "custom": false}}, {"model": "mdq.task", "pk": 8, "fields": {"user": 2, "name": "COMPLETE A COMMIT", "icon": "💻", "custom": true}}, {"model": "mdq.task", "pk": 9, "fields": {"user": 2, "name": "ORGANIZE FILES", "icon": "🗂️", "custom": true}}, {"model": "mdq.taskslist", "pk": 1, "fields": {"user": 2, "tasks": [8, 9]}}, {"model": "mdq.taskslist", "pk": 2, "fields": {"user": 3, "tasks": [2, 3]}}, {"model": "mdq.taskslist", "pk": 3, "fields": {"user": 4, "tasks": []}}, {"model": "mdq.adventurelocation", "pk": 1, "fields": {"location_name": "Nunsk Village", "description": "test", "difficulty": 1, "time": 2, "exp_reward": 100, "credit_reward": 200}}, {"model": "mdq.adventurelocation", "pk": 2, "fields": {"location_name": "Elysian Fields", "description": "testing", "difficulty": 2, "time": 5, "exp_reward": 220, "credit_reward": 360}}, {"model": "mdq.adventurelocation", "pk": 3, "fields": {"location_name": "Grand Baazar", "description": "testing", "difficulty": 3, "time": 7, "exp_reward": 500, "credit_reward": 600}}, {"model": "mdq.inventory", "pk": 1, "fields": {"user": 2}}, {"model": "mdq.inventory", "pk": 2, "fields": {"user": 3}}, {"model": "mdq.inventory", "pk": 3, "fields": {"user": 4}}, {"model": "mdq.consumable", "pk": 1, "fields": {"name": "Pizza", "effect": "Heals your pet for 10 points!", "uses": 1, "icon": "consumable/bizza.png"}}, {"model": "mdq.consumable", "pk": 2, "fields": {"name": "Pancakes", "effect": "Yummy~!\r\n1+ bond", "uses": 1, "icon": "consumable/pancakes.png"}}, {"model": "mdq.consumable", "pk": 3, "fields": {"name": "Medicine", "effect": "Recover your stamina!", "uses": 1, "icon": "consumable/pill.png"}}, {"model": "mdq.consumable", "pk": 4, "fields": {"name": "Fortune Cookie", "effect": "Fortune cookie!\r\nrandom bond boost+", "uses": 1, "icon": "consumable/fortune_cookie.png"}}, {"model": "mdq.inventoryitem", "pk": 1, "fields": {"inventory": 1, "quantity": 6, "consumable": 1}}, {"model": "mdq.inventoryitem", "pk": 2, "fields": {"inventory": 1, "quantity": 1, "consumable": 3}}, {"model": "mdq.inventoryitem", "pk": 4, "fields": {"inventory": 2, "quantity": 1, "consumable": 1}}, {"model": "mdq.inventoryitem", "pk": 5, "fields": {"inventory": 1, "quantity": 1, "consumable": 2}}, {"model": "mdq.cosmetic", "pk": 1, "fields": {"name": "Santa Hat", "rarity": "normal", "slot": "head", "icon": "cosmetic/hat_2.png"}}, {"model": "mdq.cosmetic", "pk": 2, "fields": {"name": "Red Bow", "rarity": "normal", "slot": "head", "icon": "cosmetic/tiny_bow.png"}}, {"model": "mdq.cosmetic", "pk": 3, "fields": {"name": "Wizard Hat", "rarity": "normal", "slot": "head", "icon": "cosmetic/hat.png"}}, {"model": "mdq.closet", "pk": 1, "fields": {"user": 2}}, {"model": "mdq.closet", "pk": 2, "fields": {"user": 3}}, {"model": "mdq.closet", "pk": 3, "fields": {"user": 4}}, {"model": "mdq.closetitem", "pk": 1, "fields": {"closet": 1, "cosmetic": 1, "equipped": true}}, {"model": "mdq.closetitem", "pk": 4, "fields": {"closet": 1, "cosmetic": 3, "equipped": false}}, {"model": "mdq.closetitem", "pk": 5, "fields": {"closet": 2, "cosmetic": 3, "equipped": false}}, {"model": "mdq.shopitem", "pk": 1, "fields": {"name": "Straw Hat", "price": 100, "content_type": 13, "object_id": 1}}, {"model": "mdq.shopitem", "pk": 2, "fields": {"name": "Blue Bow", "price": 100, "content_type": 13, "object_id": 2}}, {"model": "mdq.shopitem", "pk": 3, "fields": {"name": "Wizard Haat", "price": 100, "content_type": 13, "object_id": 3}}, {"model": "mdq.shopitem", "pk": 4, "fields": {"name": "Potion", "price": 50, "content_type": 12, "object_id": 1}}, {"model": "mdq.shopitem", "pk": 5, "fields": {"name": "Weird Toy", "price": 20, "content_type": 12, "object_id": 2}}, {"model": "mdq.shopitem", "pk": 6, "fields": {"name": "Sake", "price": 150, "content_type": 12, "object_id": 3}}, {"model": "mdq.creditpurchase", "pk": 1, "fields": {"user": 2, "item": 1, "price": 100, "created_at": "2025-09-09T00:11:05.081Z"}}, {"model": "mdq.creditpurchase", "pk": 2, "fields": {"user": 2, "item": 1, "price": 100, "created_at": "2025-09-09T00:12:27.300Z"}}, {"model": "mdq.creditpurchase", "pk": 3, "fields": {"user": 2, "item": 4, "price": 50, "created_at": "2025-09-09T10:46:04.400Z"}}, {"model": "mdq.creditpurchase", "pk": 4, "fields": {"user": 2, "item": 6, "price": 150, "created_at": "2025-09-09T12:50:58.458Z"}}, {"model": "mdq.creditpurchase", "pk": 5, "fields": {"user": 2, "item": 3, "price": 100, "created_at": "2025-09-09T12:51:00.285Z"}}, {"model": "mdq.creditpurchase", "pk": 6, "fields": {"user": 2, "item": 4, "price": 50, "created_at": "2025-09-09T12:57:51.107Z"}}, {"model": "mdq.creditpurchase", "pk": 7, "fields": {"user": 2, "item": 4, "price": 50, "created_at": "2025-09-09T13:04:25.147Z"}}, {"model": "mdq.creditpurchase", "pk": 8, "fields": {"user": 2, "item": 4, "price": 50, "created_at": "2025-09-09T13:04:28.631Z"}}, {"model": "mdq.creditpurchase", "pk": 9, "fields": {"user": 2, "item": 4, "price": 50, "created_at": "2025-09-09T13:14:57.973Z"}}, {"model": "mdq.creditpurchase", "pk": 10, "fields": {"user": 3, "item": 3, "price": 100, "created_at": "2025-09-09T14:06:39.514Z"}}, {"model": "mdq.creditpurchase", "pk": 11, "fields": {"user": 3, "item": 4, "price": 50, "created_at": "2025-09-09T14:07:20.281Z"}}, {"model": "mdq.creditpurchase", "pk": 12, "fields": {"user": 2, "item": 5, "price": 20, "created_at": "2025-09-09T15:00:10.865Z"}}, {"model": "mdq.creditpurchase", "pk": 13, "fields": {"user": 2, "item": 4, "price": 50, "created_at": "2025-09-23T03:20:39.076Z"}}, {"model": "mdq.creditpurchase", "pk": 14, "fields": {"user": 2, "item": 4, "price": 50, "created_at": "2025-09-23T03:21:35.646Z"}}]
